{"last_bhkw_run": 1604306585.4871993, "last_hp_run": 1604296249.222806, "hp_coef": -2.2, "WATER_TEMP1": 39.0, "WATER_TEMP1a": 45.0, "WATER_TEMP2": 49.0, "HEATING_TARGET": 27, "COMP_RUNTIME_SHOT": 3600, "BHKW_RESTART_TIME": 14400, "COMP_RESTART_TIME": 3600}